 ,bad050,bad100,bad200,bad400,avgerr,rms,A50,A90,A95,A99,time,time/MP,time/Gdisp
Adirondack
Art,61.3444811718193,61.3444811718193,55.469829541771986,54.51085617992093,83.47081145894096,6.444415712473098,54.0,255.0,255.0,255.0,1.9517836570739746,1.265009823756546,4.941444624049007
Jadeplant
Motorcycle
Motorcycle
Piano
Piano
Pipes
Playroom
Playtable
Playtable
Recycle
Shelves
Teddy,79.93955555555556,79.93955555555556,76.64525925925926,74.99981481481481,142.68872296296297,5.915050733948542,134.0,255.0,255.0,255.0,2.6040406227111816,0.9644594898930302,3.767419882394649
Vintage
